<?xml version="1.0" encoding="UTF-8"?>
<configuration>
    <appender name="FILE" type="ch.qos.logback.core.FileAppender">
        <file>logs/application.log</file>
        <encoder>
            <pattern>%date %level [%thread] %logger{10} [%file:%line] %msg%n</pattern>
        </encoder>
    </appender>

    <root level="INFO">
        <appender-ref ref="FILE" />
    </root>

    <logger name="com.example.service" level="DEBUG" additivity="false">
        <appender-ref ref="FILE" />
    </logger>
</configuration>